{"_runtime":84,"_step":0,"loss":3.110790967941284,"_timestamp":1.760346647135147e+09,"_wandb":{"runtime":84}}