{"_wandb":{"runtime":148},"_runtime":148,"loss":3.489520788192749,"_timestamp":1.7603464964876423e+09,"_step":0}