{"lr":0.0009825265467904463,"_timestamp":1.760518360939472e+09,"val/loss":2.5158867597579957,"_wandb":{"runtime":88},"_runtime":88.933935652,"_step":421,"train/loss":2.48787784576416}