{"lr":0.0009985075705902023,"_timestamp":1.7605179506662478e+09,"_wandb":{"runtime":289},"_runtime":289.916093969,"val/loss":NaN,"_step":122,"train/loss":NaN}